1;Elite International
10;City Tours
103;Turismo Direct
104;Pacific Partners
105;Tours Partners
106;Agency 360
107;Prime International
11;Coral Group
110;Blue Pro
111;World Network
112;Prime Pro
114;Turismo Corp
115;Booking Express
117;Coral SA
118;Express Co
119;Star Corp
12;Coral Corp
121;Sun Online
122;Golden Pro
126;Sun 360
127;Royal Tours
128;Turismo Solutions
129;City Group
13;Turismo World
132;Elite Services
133;Express Tours
134;Star Tours
135;Mountain Tours
138;Tours Global
139;Express World
14;World Corp
141;Agency Direct
142;Booking Partners
143;Royal Hub
144;Horizonte Direct
146;Pacific Hub
147;Star Global
148;Tours Services
149;Sky International
15;Capital SA
150;Viajes Hub
151;Blue Network
152;Horizonte Solutions
153;Sun Tours
154;Blue Plus
155;Coral Plus
156;Ocean Services
157;Prime Global
158;Global World
159;City International
16;Travel SA
162;City Pro
163;Viajes Pro
165;Viajes Global
167;Horizonte Hub
168;Blue Group
17;Golden Hub
170;Agency Xpress
171;Sky Tours
173;Mountain Co
174;Royal Services
175;Capital Services
177;Star Group
179;Atlantic Direct
180;Agency Partners
181;Elite SA
182;Global Tours
183;Star International
184;Coral Partners
185;Ocean Express
187;Blue Direct
19;Elite Group
191;Capital Partners
192;World Hub
193;Star Solutions
195;Pacific World
196;Blue 360
197;Royal Plus
2;Express Group
20;World Online
201;Capital Solutions
205;Mountain 360
208;Viajes 360
21;Sky Services
210;Atlantic Hub
211;Tours Express
213;Global Online
214;Sun Global
215;Ocean Xpress
216;Ocean Partners
219;City Xpress
22;Atlantic Group
220;Mountain Express
223;Star Direct
227;World Group
229;Express Network
23;City Express
232;Express Global
234;Prime Online
235;World Plus
236;Coral Global
24;Ocean Direct
240;Viajes Co
241;Travel Corp
242;Agency Corp
243;Ocean International
244;Tours SA
245;Express Services
247;Capital Express
248;Sky 360
249;Elite Global
25;Express Direct
250;World World
251;Capital World
252;Pacific Express
253;Agency Network
254;Turismo SA
256;Capital Xpress
257;Turismo 360
258;Prime Xpress
26;Viajes Network
261;City SA
262;Ocean Hub
265;Mountain Global
267;Atlantic 360
269;Global International
27;Capital Pro
270;Sky Pro
273;Travel Pro
275;Agency Express
276;Prime World
278;Pacific Pro
28;Sky Direct
280;Blue Partners
281;Sky Co
282;Express International
283;Horizonte 360
285;Sun Partners
286;Horizonte Corp
287;Booking Tours
288;Viajes SA
289;World Global
29;Sun Hub
290;Booking Global
291;Golden International
294;Express Solutions
295;Pacific 360
296;Ocean Tours
298;Horizonte Tours
299;Golden Global
3;Travel Solutions
30;Sky Solutions
300;Sky Plus
301;Atlantic Partners
302;Pacific Corp
303;Tours Network
304;Sun Express
305;Capital Direct
306;Turismo Partners
307;Golden Plus
308;Booking Group
31;World Services
310;Horizonte Plus
313;Tours Solutions
314;Mountain Network
315;Elite Network
32;Global Direct
321;Atlantic Online
323;Capital Corp
324;Coral Online
325;Sun Plus
326;Coral Xpress
327;Booking Solutions
328;Golden Services
33;Elite Pro
330;Turismo Online
331;Atlantic World
332;Elite Hub
333;Sky Express
334;Coral Pro
335;Travel Hub
336;Booking International
337;World Partners
339;Sky Network
34;Sun Group
341;World Express
344;Agency Pro
346;Capital 360
348;Star Network
35;Travel Plus
350;Star Partners
352;Sun Solutions
354;Pacific Plus
355;Horizonte International
358;Horizonte Services
359;Atlantic Services
36;Blue Global
360;Booking Direct
363;Ocean Co
364;Atlantic Express
367;Global Plus
368;Blue Solutions
37;Tours Plus
370;Elite Direct
371;Express Plus
375;Tours Co
378;Blue Hub
38;Pacific Co
384;Tours Online
385;Coral Express
387;Capital Plus
388;Royal Co
39;Agency Hub
390;Express Pro
391;Viajes Online
393;Elite Tours
394;Royal Pro
397;Booking Corp
4;Star Xpress
40;Sun Network
403;Golden Group
404;Agency Plus
405;Sun Services
406;Blue International
408;Sun International
41;Star Services
410;Mountain World
411;Royal Xpress
414;Star SA
416;Booking Pro
418;Mountain Online
42;Golden Direct
420;Golden World
423;Royal International
425;City 360
426;Golden Solutions
427;Turismo International
429;Ocean Plus
430;Sky Group
431;Agency Solutions
432;Agency International
433;Blue World
434;Pacific Group
436;Sky Hub
438;Travel Group
44;World 360
440;Coral 360
441;Golden Corp
444;Global Group
446;Tours Direct
449;Global Pro
45;Star Co
450;Star 360
451;Royal Corp
453;City Online
454;Viajes Direct
455;Sky Online
459;Elite Solutions
461;Mountain Partners
464;Viajes Express
467;Blue Services
468;Blue Xpress
469;Turismo Pro
47;Elite 360
472;Prime Services
474;Royal Network
475;Capital Tours
476;Express SA
479;Mountain SA
480;Star World
481;Travel Co
483;Sky SA
484;Turismo Services
492;Sky Xpress
493;Pacific Online
495;Viajes Plus
497;Atlantic SA
5;Travel Tours
50;Express 360
502;Turismo Express
508;Sun Pro
509;Pacific Services
510;Horizonte Global
52;Global SA
526;Atlantic Corp
527;City Hub
53;Star Plus
531;Coral International
535;Pacific Xpress
54;City Partners
55;Elite Corp
56;Elite Online
57;Turismo Hub
58;Turismo Xpress
59;Pacific SA
6;Agency World
60;Mountain Group
61;Travel Online
63;Prime SA
64;Ocean 360
66;Global Services
67;Global Express
68;Royal Global
69;Prime Express
7;Mountain Corp
70;Golden Online
71;Tours 360
72;Elite Express
73;Viajes International
74;Turismo Tours
75;Mountain International
77;Prime Hub
78;Golden Co
79;Atlantic Tours
8;World Direct
81;Turismo Co
82;Capital Hub
83;Ocean World
85;Royal Express
86;Coral Network
87;Coral Hub
88;Prime Network
89;City Co
9;Agency Co
90;World Tours
91;Global Network
92;Viajes Services
93;Viajes Partners
94;Atlantic Pro
95;Sky Partners
96;Express Xpress
98;Pacific Solutions
99;Royal Solutions
