10;Inversiones Partners
100;Corporativo Associates
101;Soluciones Sur
102;Holding Corp
103;Compania Plus
104;Capital Associates
105;Holding Nacional
106;Holding Norte
107;Recursos Corp
108;Inversiones SRL
109;Consorcio Nacional
11;Servicios Ltda
110;Comercial Holdings
112;Comercial Group
113;Empresa Andina
115;Industrias Plus
116;Alianza SRL
118;Consorcio Norte
12;Industrias Partners
120;Compania Partners
122;Comercial SA
126;Capital Norte
127;Empresa Corp
130;Grupo Global
132;Logistica Central
135;Comercial Oeste
137;Integral Group
139;Soluciones Andean
14;Consorcio SRL
140;Logistica Global
142;Asociados SRL
143;Logistica Nacional
144;Grupo Internacional
146;Negocios Global
148;Soluciones Partners
149;Holding SRL
150;Industrias Este
153;Inversiones Este
154;Alianza Ltda
158;Ventures SRL
159;Corporativo SA
16;Logistica Plus
160;Empresa SA
163;Alianza Holdings
165;Ventures Andean
167;Integral Este
168;Servicios Group
169;Industrias Corp
174;Delta Premium
178;Ventures Premium
179;Servicios SA
18;Integral Corp
180;Asociados Premium
183;Recursos Andean
184;Consorcio Partners
185;Capital Plus
186;Capital Sur
192;Ventures Group
193;Negocios Corp
195;Delta Andina
197;Inversiones Ltda
20;Empresa Associates
200;Alianza Sur
202;Compania Associates
203;Grupo Associates
204;Consorcio Premium
207;Industrias Group
209;Compania Andean
210;Delta Ltda
212;Ventures Global
213;Ventures Sur
215;Soluciones SRL
216;Industrias Global
217;Grupo Corp
218;Industrias Internacional
219;Corporativo Oeste
22;Servicios Internacional
220;Negocios Nacional
221;Comercial Premium
222;Ventures Norte
223;Inversiones Plus
224;Delta Este
225;Negocios Internacional
227;Soluciones Global
229;Empresa Plus
230;Compania Norte
232;Empresa Central
233;Recursos Nacional
234;Delta Andean
237;Grupo Plus
238;Logistica Oeste
240;Negocios Ltda
242;Compania Nacional
243;Ventures Associates
245;Empresa Nacional
246;Holding Andean
250;Compania Este
251;Recursos Este
253;Recursos Global
254;Negocios Group
255;Recursos Holdings
257;Servicios Oeste
258;Delta Associates
259;Recursos Associates
260;Empresa Premium
263;Comercial Sur
264;Servicios Este
268;Holding Sur
269;Compania Internacional
270;Servicios Sur
271;Alianza Andean
272;Grupo SA
273;Ventures Central
274;Integral Premium
275;Corporativo Plus
277;Soluciones Internacional
278;Corporativo Partners
279;Soluciones Central
28;Integral Sur
280;Grupo Partners
281;Recursos Premium
282;Corporativo Corp
284;Consorcio SA
286;Corporativo Andina
287;Compania Corp
288;Empresa Norte
289;Holding Andina
29;Empresa Internacional
290;Asociados Internacional
291;Holding SA
292;Servicios Global
293;Servicios Plus
297;Capital Andina
301;Industrias Ltda
302;Integral Norte
304;Negocios Oeste
305;Alianza Group
307;Holding Central
308;Recursos Internacional
309;Grupo Central
31;Compania Ltda
311;Ventures Andina
312;Empresa Group
313;Consorcio Ltda
314;Logistica Ltda
316;Empresa Sur
317;Capital Andean
318;Ventures Plus
319;Inversiones Andina
32;Ventures Ltda
320;Recursos Partners
321;Ventures Holdings
323;Corporativo Central
324;Comercial Ltda
325;Inversiones Andean
329;Consorcio Holdings
330;Consorcio Plus
331;Grupo Este
332;Capital Global
333;Industrias Oeste
334;Ventures Nacional
337;Soluciones Corp
338;Compania Andina
34;Soluciones Group
341;Logistica Internacional
342;Asociados Sur
343;Corporativo Nacional
346;Asociados Andean
347;Industrias SA
348;Holding Premium
349;Alianza Nacional
35;Logistica Premium
350;Integral Oeste
351;Grupo Ltda
352;Recursos Plus
353;Integral Andina
355;Logistica Associates
356;Capital Internacional
357;Capital SA
358;Comercial Partners
360;Consorcio Global
361;Consorcio Central
362;Asociados Este
364;Consorcio Andina
365;Capital SRL
366;Holding Ltda
367;Asociados Partners
368;Corporativo Sur
369;Asociados Nacional
37;Comercial Internacional
370;Delta Central
371;Inversiones Nacional
372;Capital Holdings
373;Compania Premium
376;Servicios Andean
377;Corporativo Global
378;Soluciones Associates
379;Inversiones Premium
38;Recursos Group
380;Delta Internacional
382;Alianza SA
383;Integral Nacional
384;Recursos SRL
385;Servicios Corp
386;Grupo SRL
388;Corporativo Holdings
39;Servicios Norte
390;Consorcio Group
391;Industrias Andean
392;Comercial Associates
393;Negocios Andina
394;Industrias Andina
395;Industrias Central
396;Empresa SRL
397;Logistica SA
398;Holding Associates
399;Integral Central
40;Logistica Group
400;Industrias Associates
401;Holding Partners
402;Holding Plus
403;Grupo Sur
405;Soluciones Oeste
407;Logistica Este
408;Comercial Andean
409;Logistica Norte
410;Delta Oeste
411;Empresa Andean
412;Alianza Global
413;Inversiones Norte
415;Comercial Este
416;Consorcio Internacional
417;Delta Norte
418;Inversiones Sur
419;Comercial Central
42;Comercial Corp
420;Comercial SRL
421;Alianza Plus
422;Integral SRL
423;Negocios Sur
424;Alianza Internacional
425;Recursos Andina
426;Servicios Associates
428;Consorcio Associates
429;Logistica SRL
43;Corporativo Premium
433;Soluciones Este
435;Asociados Central
436;Compania SA
437;Delta Nacional
439;Holding Internacional
442;Logistica Partners
443;Holding Este
444;Comercial Nacional
445;Asociados Global
446;Empresa Global
447;Alianza Partners
448;Compania Global
45;Grupo Norte
450;Negocios Plus
451;Industrias SRL
452;Servicios Partners
454;Grupo Group
455;Corporativo Este
456;Integral Ltda
457;Comercial Andina
458;Servicios Andina
459;Consorcio Corp
46;Ventures Partners
460;Capital Ltda
461;Negocios Andean
465;Asociados Group
466;Servicios SRL
47;Holding Group
470;Alianza Corp
477;Empresa Partners
478;Consorcio Oeste
479;Comercial Global
48;Negocios SA
481;Empresa Oeste
482;Corporativo SRL
483;Holding Holdings
484;Industrias Sur
485;Industrias Holdings
486;Ventures Oeste
487;Comercial Norte
489;Grupo Nacional
49;Delta Holdings
490;Soluciones SA
491;Integral Partners
492;Logistica Andina
494;Compania Oeste
496;Inversiones Global
497;Grupo Oeste
498;Negocios Central
499;Consorcio Este
501;Delta Plus
504;Industrias Premium
506;Logistica Corp
507;Alianza Central
51;Corporativo Internacional
511;Alianza Associates
512;Soluciones Andina
513;Logistica Holdings
514;Delta SA
515;Asociados Ltda
516;Delta Group
518;Industrias Nacional
52;Compania Group
520;Inversiones Central
521;Inversiones Holdings
523;Delta Sur
525;Asociados Norte
528;Servicios Nacional
53;Asociados Corp
530;Inversiones Group
531;Asociados SA
534;Integral Holdings
539;Negocios Premium
54;Asociados Plus
541;Recursos Central
543;Capital Group
59;Empresa Ltda
6;Negocios SRL
61;Negocios Holdings
62;Asociados Andina
64;Soluciones Holdings
65;Capital Nacional
67;Alianza Premium
68;Capital Este
71;Corporativo Ltda
72;Capital Oeste
73;Delta Global
76;Inversiones Internacional
77;Logistica Sur
78;Capital Corp
8;Inversiones Oeste
80;Grupo Premium
81;Negocios Norte
82;Asociados Associates
83;Soluciones Plus
84;Delta Partners
85;Integral Associates
86;Negocios Este
88;Integral SA
9;Alianza Andina
91;Consorcio Sur
92;Capital Premium
93;Compania SRL
94;Grupo Andina
96;Integral Internacional
99;Corporativo Group
