癤풞BW;Aruba
AGO;Angola
AIA;Anguila
ALB;Albania
AND;Andorra
ARE;Emiratos Arabes Unidos
ARG;Argentinta
ARM;Armenia
ASM;Samoa Americana
ATA;Ant횄징rtida
ATF;Territorios Austra-Franceses
AUS;Australia
AUT;Austria
AZE;Azerbaiy횄징n
BDI;Burund횄짯
BEL;B횄짤lgica
BEN;Ben횄짯n
BFA;Burkina Faso
BGD;Banglad횄짤s
BGR;Bulgaria
BHR;Bare횄짯n
BHS;Bahamas
BIH;Bosnia y Herzegovina
BLR;Bielorrusia
BOL;Bolivia
BRA;Brasil
BRB;Barbados
BWA;Botsuana
CAF;Rep횄쨘blica Centroafricana
CHE;Suiza
CHL;Chile
CHN;China
CIV;Costa de Marfil
CMR;Camer횄쨘n
CN;Canad횄징
COL;Colombia
COM;Comoras
CPV;Cabo Verde
CRI;CostaRica
CUB;Cuba
CYM;Islas Caim횄징n
CYP;Chipre
CZE;Rep횄쨘blica Checa
DEU;Alemania
DJI;Yibuti
DMA;Dominica
DNK;Dinamarca
DOM;Rep횄쨘blica Dominicana
DZA;Argelia
ECU;Ecuador
EGY;Egipto
ESP;Espa횄짹a
EST;Estonia
ETH;Etiop횄짯a
FIN;Finlandia
FJI;Fiyi
FRA;Francia
FRO;Islas Feroe
GAB;Gab횄쨀n
GBR;Reino Unido
GEO;Georg횄짯a
GGY;Guernsey
GHA;Ghana
GIB;Gibraltar
GLP;Guadaupe
GNB;Guinea-Bis횄징u
GRC;Grecia
GTM;Guatemala
GUY;Guyana
HKG;Hong Kong
HND;Honduras
HRV;Croacia
HUN;Hungria
IDN;Indonesia
IMN;Isla de Man
IND;India
IRL;Irlanda
IRN;Ir횄징n
IRQ;Irak
ISL;Islandia
ISR;Israel
ITA;Italia
JAM;Jamaica
JEY;Jersey
JOR;Jordania
JPN;Jap횄쨀n
KAZ;Kazajistan
KEN;Kenya
KHM;Camboya
KIR;Kiribati
KNA;San Cristobal y Nieves
KOR;Corea del Sur
KWT;Kuwait
LAO;Laos
LBN;L횄짯bano
LBY;Libia
LCA;Santa Luc횄짯a
LIE;Liechtenstein
LKA;Sri Lanka
LTU;Lituania
LUX;Luxemburgo
LVA;Letonia
MAC;Macao
MAR;Marruecos
MCO;M횄쨀naco
MDG;Madagascar
MDV;Maldivas
MEX;M횄짤xico
MKD;Macedonia del Norte
MLI;Mal횄짯
MLT;Malta
MMR;Myanmar
MNE;Montenegro
MOZ;Mozambique
MRT;Mauritania
MUS;Rep횄쨘blica de Mauricio
MWI;Malawi
MYS;Malasia
MYT;Mayotte
NAM;Namibia
NCL;Nueva Caledonia
NGA;Nigeria
NIC;Nicaragua
NLD;Pa횄짯ses Bajos
NOR;Noruega
NPL;Nepal
NZL;Nueva  Zelanda
OMN;Om횄징n
PAK;Pakist횄징n
PAN;Panam횄징
PER;Per횄쨘
PHL;Filipinas
PLW;Palaos
POL;Polonia
PRI;Puerto Rico
PRT;Portugal
PRY;Polonia
PYF;Polinesia Francesa
QAT;Qatar
ROU;Rumania
RUS;Rusia
RWA;Ruanda
SAU;Arabia Saudita
SDN;Sud횄징n
SEN;Senegal
SGP;Singapur
SLE;Sierra Leona
SLV;El Salvador
SMR;San Marino
SRB;Serbia
STP;Santo Tom횄짤 y Pr횄짯ncipe
SUR;Surinam
SVK;Eslovaquia
SVN;Eslovenia
SWE;Suecia
SYC;Seychelles
SYR;Siria
TGO;Togo
THA;Tailandia
TJK;Tayikist횄징n
TMP;Timor Oriental
TUN;T횄쨘nez
TUR;Turquia
TWN;Taiwan
TZA;Tanzania
UGA;Uganda
UKR;Ucrania
UMI;Islas Menores
URY;Uruguay
USA;Estados Unidos
UZB;Ubzekistan
VEN;Venezuela
VGB;Islas Virgenes
VNM;Vietnam
ZAF;Sud횄징frica
ZMB;Zambia
ZWE;Zimbawe
